Index,Keyword,Tweets
0,pineapple pizza,also note replies apparently comment w pineapple pizza I think
1,pineapple pizza,5 streams 7 day break Going nice able watch streams chill beer
2,pineapple pizza,Pineapple Pizza legit
3,pineapple pizza,Not sure pineapple Greek pizza though Ash
4,pineapple pizza,New Do like pineapple pizza I like There 's lot people hate eat well
5,pineapple pizza,Mint belong chocolate pineapple belong pizza Don
6,pineapple pizza,want pizza ham amp pineapple
7,pineapple pizza,I 'm sorry Emery Arteta two different things exactly like pinea
8,pineapple pizza,Terf I fired opinions Me Did criticize boss Terf No Me Did say like pineapple p
9,pineapple pizza,Apparently biltong pineapple pizza thing
10,pineapple pizza,PINEAPPLE BELONGS ON PIZZA AND IF YOU DISAGREE YOU ARE WEAK AND HAVE CHILDISH ASS
11,pineapple pizza,hear olives pineapple chicken always elite pizza topping combination DO NOT HATE tr
12,pineapple pizza,TELL US ABOUT YOURSELF 1 Jodi 2 Single 3 Breathe 4.1089 5 Messenger 6 M 7 SPC 8 Fil 9 0 10 0 11. pineappl
13,pineapple pizza,Terf I fired opinions Me Did criticize boss Terf No Me Did say like pineapple p
14,pineapple pizza,Pineapple throughout Pizza
15,pineapple pizza,Terf I fired opinions Me Did criticize boss Terf No Me Did say like pineapple p
16,pineapple pizza,pizza w/ lot pineapple ... cheese please
17,pineapple pizza,I 'll okay Nickelback fan But pineapple pizza fuck
18,pineapple pizza,People trust ... People put chocolate fridge People put pineapple pizza People wipe
19,pineapple pizza,I want dramatic anything pineapple belongs pizza
20,pineapple pizza,Pineapple na may pizza ATIN ThankYouGoUp
21,pineapple pizza,Pineapple na may pizza ATIN ThankYouGoUp
22,pineapple pizza,Pineapple according Pizza
23,pineapple pizza,Wake Bake slice leftover pizza topped pineapple pickles aka Bruce Bruce Safe Travels
24,pineapple pizza,Just spent lunch break watching video pineapple pizza video Best lunch break everrrrr
25,pineapple pizza,Hello fellow pineapple pizza eater
26,pineapple pizza,New Do like pineapple pizza I like There 's lot people hate eat well
27,pineapple pizza,pineapple pizza best pizza
28,pineapple pizza,After I 'm going create new pizza pineapple sardines 'll called The Civi
29,pineapple pizza,Pineapple pizza gross
